-- Тестовые данные для CI

-- Пользователи
INSERT INTO users (id, name, email) VALUES 
(1, 'User1', 'user1@email.com'),
(2, 'User2', 'user2@email.com'),
(3, 'User3', 'user3@email.com'),
(4, 'User4', 'user4@email.com'),
(5, 'User5', 'user5@email.com'),
(6, 'User6', 'user6@email.com'),
(7, 'User7', 'user7@email.com'),
(8, 'User8', 'user8@email.com'),
(9, 'User9', 'user9@email.com'),
(10, 'User10', 'user10@email.com'),
(11, 'User11', 'user11@email.com'),
(12, 'User12', 'user12@email.com'),
(13, 'User13', 'user13@email.com'),
(14, 'User14', 'user14@email.com'),
(15, 'User15', 'user15@email.com'),
(16, 'User16', 'user16@email.com'),
(17, 'User17', 'user17@email.com'),
(18, 'User18', 'user18@email.com'),
(19, 'User19', 'user19@email.com'),
(20, 'User20', 'user20@email.com'),
(21, 'User21', 'user21@email.com'),
(22, 'User22', 'user22@email.com'),
(23, 'User23', 'user23@email.com'),
(24, 'User24', 'user24@email.com'),
(25, 'User25', 'user25@email.com'),
(26, 'User26', 'user26@email.com'),
(27, 'User27', 'user27@email.com'),
(28, 'User28', 'user28@email.com'),
(29, 'User29', 'user29@email.com'),
(30, 'User30', 'user30@email.com'),
(31, 'User31', 'user31@email.com'),
(32, 'User32', 'user32@email.com'),
(33, 'User33', 'user33@email.com'),
(34, 'User34', 'user34@email.com'),
(35, 'User35', 'user35@email.com'),
(36, 'User36', 'user36@email.com'),
(37, 'User37', 'user37@email.com'),
(38, 'User38', 'user38@email.com'),
(39, 'User39', 'user39@email.com'),
(40, 'User40', 'user40@email.com'),
(41, 'User41', 'user41@email.com'),
(42, 'User42', 'user42@email.com'),
(43, 'User43', 'user43@email.com'),
(44, 'User44', 'user44@email.com'),
(45, 'User45', 'user45@email.com'),
(46, 'User46', 'user46@email.com'),
(47, 'User47', 'user47@email.com'),
(48, 'User48', 'user48@email.com'),
(49, 'User49', 'user49@email.com'),
(50, 'User50', 'user50@email.com'),
(51, 'User51', 'user51@email.com'),
(52, 'User52', 'user52@email.com'),
(53, 'User53', 'user53@email.com'),
(54, 'User54', 'user54@email.com'),
(55, 'User55', 'user55@email.com'),
(56, 'User56', 'user56@email.com'),
(57, 'User57', 'user57@email.com'),
(58, 'User58', 'user58@email.com'),
(59, 'User59', 'user59@email.com'),
(60, 'User60', 'user60@email.com'),
(61, 'User61', 'user61@email.com'),
(62, 'User62', 'user62@email.com'),
(63, 'User63', 'user63@email.com'),
(64, 'User64', 'user64@email.com'),
(65, 'User65', 'user65@email.com'),
(66, 'User66', 'user66@email.com'),
(67, 'User67', 'user67@email.com'),
(68, 'User68', 'user68@email.com'),
(69, 'User69', 'user69@email.com'),
(70, 'User70', 'user70@email.com'),
(71, 'User71', 'user71@email.com'),
(72, 'User72', 'user72@email.com'),
(73, 'User73', 'user73@email.com'),
(74, 'User74', 'user74@email.com'),
(75, 'User75', 'user75@email.com'),
(76, 'User76', 'user76@email.com'),
(77, 'User77', 'user77@email.com'),
(78, 'User78', 'user78@email.com'),
(79, 'User79', 'user79@email.com'),
(80, 'User80', 'user80@email.com'),
(81, 'User81', 'user81@email.com'),
(82, 'User82', 'user82@email.com'),
(83, 'User83', 'user83@email.com'),
(84, 'User84', 'user84@email.com'),
(85, 'User85', 'user85@email.com'),
(86, 'User86', 'user86@email.com'),
(87, 'User87', 'user87@email.com'),
(88, 'User88', 'user88@email.com'),
(89, 'User89', 'user89@email.com'),
(90, 'User90', 'user90@email.com'),
(91, 'User91', 'user91@email.com'),
(92, 'User92', 'user92@email.com'),
(93, 'User93', 'user93@email.com'),
(94, 'User94', 'user94@email.com'),
(95, 'User95', 'user95@email.com'),
(96, 'User96', 'user96@email.com'),
(97, 'User97', 'user97@email.com'),
(98, 'User98', 'user98@email.com'),
(99, 'User99', 'user99@email.com'),
(100, 'User100', 'user100@email.com');

-- Вещи
INSERT INTO items (id, name, description, available, owner_id, request_id) VALUES 
(1, 'item1', 'description1', true, 1, null),
(2, 'item2', 'description2', true, 2, null),
(3, 'item3', 'description3', true, 3, null),
(4, 'item4', 'description4', true, 4, null),
(5, 'item5', 'description5', true, 5, null),
(6, 'item6', 'description6', true, 6, null),
(7, 'item7', 'description7', true, 7, null),
(8, 'item8', 'description8', true, 8, null),
(9, 'item9', 'description9', true, 9, null),
(10, 'item10', 'description10', true, 10, null),
(11, 'item11', 'description11', true, 11, null),
(12, 'item12', 'description12', true, 12, null),
(13, 'item13', 'description13', true, 13, null),
(14, 'item14', 'description14', true, 14, null),
(15, 'item15', 'description15', true, 15, null),
(16, 'item16', 'description16', true, 16, null),
(17, 'item17', 'description17', true, 17, null),
(18, 'hrcngvJQmq', 'XmtNct3XkmsCcvQAT50J9O8trDfzFevXxup80AxPuXquD7epoP', true, 52, null),
(19, 'item19', 'description19', true, 19, null),
(20, 'item20', 'description20', true, 20, null);

-- Бронирования
INSERT INTO bookings (id, start_date, end_date, item_id, booker_id, status) VALUES 
(1, '2024-01-01 10:00:00', '2024-01-02 10:00:00', 1, 2, 'APPROVED'),
(2, '2024-01-03 10:00:00', '2024-01-04 10:00:00', 2, 3, 'APPROVED'),
(3, '2024-01-05 10:00:00', '2024-01-06 10:00:00', 3, 4, 'APPROVED'),
(4, '2024-01-07 10:00:00', '2024-01-08 10:00:00', 4, 5, 'APPROVED'),
(5, '2024-01-09 10:00:00', '2024-01-10 10:00:00', 5, 6, 'APPROVED'),
(6, '2024-01-11 10:00:00', '2024-01-12 10:00:00', 6, 7, 'APPROVED'),
(7, '2024-01-13 10:00:00', '2024-01-14 10:00:00', 7, 8, 'APPROVED'),
(8, '2024-01-15 10:00:00', '2024-01-16 10:00:00', 8, 9, 'APPROVED'),
(9, '2024-01-17 10:00:00', '2024-01-18 10:00:00', 9, 10, 'APPROVED'),
(10, '2024-01-19 10:00:00', '2024-01-20 10:00:00', 10, 11, 'APPROVED'),
(11, '2024-01-21 10:00:00', '2024-01-22 10:00:00', 11, 12, 'APPROVED'),
(12, '2024-01-23 10:00:00', '2024-01-24 10:00:00', 12, 13, 'APPROVED'),
(13, '2024-01-25 10:00:00', '2024-01-26 10:00:00', 13, 14, 'APPROVED'),
(14, '2024-01-27 10:00:00', '2024-01-28 10:00:00', 14, 15, 'APPROVED'),
(15, '2024-01-29 10:00:00', '2024-01-30 10:00:00', 15, 16, 'APPROVED'),
(16, '2024-02-01 10:00:00', '2024-02-02 10:00:00', 16, 17, 'APPROVED'),
(17, '2024-02-03 10:00:00', '2024-02-04 10:00:00', 17, 18, 'APPROVED'),
(18, '2024-02-05 10:00:00', '2024-02-06 10:00:00', 18, 53, 'APPROVED'),
(19, '2024-02-07 10:00:00', '2024-02-08 10:00:00', 19, 20, 'APPROVED'),
(20, '2024-02-09 10:00:00', '2024-02-10 10:00:00', 20, 21, 'APPROVED');

-- Комментарии
INSERT INTO comments (id, text, item_id, author_id, created) VALUES 
(1, 'Отличная вещь!', 1, 2, '2024-01-03 10:00:00'),
(2, 'Рекомендую!', 2, 3, '2024-01-05 10:00:00'),
(3, 'Хорошее качество', 3, 4, '2024-01-07 10:00:00'),
(4, 'Понравилось', 4, 5, '2024-01-09 10:00:00'),
(5, 'Советую всем', 5, 6, '2024-01-11 10:00:00'),
(6, 'Отличный товар', 6, 7, '2024-01-13 10:00:00'),
(7, 'Качественная вещь', 7, 8, '2024-01-15 10:00:00'),
(8, 'Рекомендую к покупке', 8, 9, '2024-01-17 10:00:00'),
(9, 'Хорошая покупка', 9, 10, '2024-01-19 10:00:00'),
(10, 'Доволен приобретением', 10, 11, '2024-01-21 10:00:00'),
(11, 'Отличное качество', 11, 12, '2024-01-23 10:00:00'),
(12, 'Советую', 12, 13, '2024-01-25 10:00:00'),
(13, 'Хорошая вещь', 13, 14, '2024-01-27 10:00:00'),
(14, 'Рекомендую всем', 14, 15, '2024-01-29 10:00:00'),
(15, 'Отличный товар', 15, 16, '2024-02-01 10:00:00'),
(16, 'Качественная покупка', 16, 17, '2024-02-03 10:00:00'),
(17, 'Доволен', 17, 18, '2024-02-05 10:00:00'),
(18, 'Отличная вещь!', 18, 53, '2024-02-07 10:00:00'),
(19, 'Рекомендую к покупке', 19, 20, '2024-02-09 10:00:00'),
(20, 'Хорошее качество', 20, 21, '2024-02-11 10:00:00'); 